city,rung,AP_recal_fm,info_nats_fm_adj,info_frac_fm_adj,dAP_stacked_fm_adj,dAP_gated_fm,dAP_early_fm_adj,dAP_adr_legacy_fm,variant,gate_alpha_median,gate_off_share,primary_dAP_stacked_fm_adj,delta_vs_primary,unstable
Carlisle_2015,R5_+sar_event,0.8854847092501428,-0.010498265146567251,-0.019392754129255983,0.03606607328849351,-0.013882876162201296,0.014992415895954743,-0.16639857960409365,bandwidth_1000m,1.0,0.2,0.010879196260961538,0.025186877027531973,False
Carlisle_2015,R5_+sar_event,0.8854847092501428,0.08377595003605758,0.15475379772869705,0.013930371085765926,-0.045847531570264555,0.013781436422400683,-0.1601289964566024,window_minus3_plus3,2.0,0.2,0.010879196260961538,0.0030511748248043882,False
Carlisle_2015,R5_+sar_event,0.8854847092501428,0.1899651027135294,0.3509100292886887,0.049853710198076814,-0.02095335964884304,-0.0024045972559407504,0.0,without_photos,2.0,0.2,0.010879196260961538,0.03897451393711528,False
Carlisle_2015,R5_+sar_event,0.8854847092501428,0.00788704638592913,0.014569221603092496,0.010879196260961538,-0.0163768162204595,,,gated_wide_grid,2.0,0.2,0.010879196260961538,0.0,False
Carlisle_2015,R5_+sar_event,0.7839110076238474,0.03584411387229308,0.0701399645437484,-0.036373765305278444,-0.06566962892333084,-0.02395053103060179,0.012551431910408195,learner_logistic,2.0,0.2,0.010879196260961538,-0.04725296156623998,True
Carlisle_2015,R5_+sar_event+population,0.8885377370417193,0.010704024913893773,0.020120638452661592,0.008001573614545628,-0.049873031553987146,,,control_population,,,0.010879196260961538,-0.00287762264641591,False
Chennai_2015,R5_+sar_event,0.3813004780284109,-0.002225798078648535,-0.004398739313143919,-0.001564794083608088,-0.00619488121041506,0.023853434156999066,-0.010721957689906081,bandwidth_1000m,0.5,0.0,-0.011999246523481926,0.010434452439873839,False
Chennai_2015,R5_+sar_event,0.3813004780284109,-0.005526444838631765,-0.01092165116270164,-0.010528182571862157,-0.012607267465983008,-0.011575243867551354,-0.008084752573004061,window_minus3_plus3,1.0,0.0,-0.011999246523481926,0.001471063951619769,False
Chennai_2015,R5_+sar_event,0.3813004780284109,-0.005912874707257073,-0.011685334207988151,-0.011999246523481926,-0.013746699525811756,,,gated_wide_grid,1.0,0.0,-0.011999246523481926,0.0,False
Chennai_2015,R5_+sar_event,0.31623999700120986,-6.778849842603487e-05,-0.00012524374631662773,0.01950966144908587,0.01737330321418168,0.007843235089081546,-0.030399774552428704,learner_logistic,1.0,0.0,-0.011999246523481926,0.03150890797256779,True
Chennai_2015,R5_+sar_event+population,0.3872646846691001,-0.006544487789441854,-0.013049788713927977,-0.010603727691355366,-0.01584236640724168,,,control_population,,,-0.011999246523481926,0.0013955188321265605,False
EmiliaRomagna_2023a,R5_+sar_event,0.4324355664568852,0.018338811644857546,0.04137716568239716,0.0020200117227191228,0.0,-0.027210284911354608,-0.059544299746909723,bandwidth_1000m,0.0,1.0,-0.1388392647866929,0.14085927650941202,True
EmiliaRomagna_2023a,R5_+sar_event,0.4324355664568852,-0.0076020791654145044,-0.017152283105882724,-0.13794429494164995,-0.013432097030967816,0.004183180592263384,-0.056163442741192116,window_minus3_plus3,0.0,0.6,-0.1388392647866929,0.0008949698450429477,False
EmiliaRomagna_2023a,R5_+sar_event,0.4324355664568852,-0.007808284631365278,-0.017617536683622242,-0.1388392647866929,-0.026659837603684622,,,gated_wide_grid,0.0,0.6,-0.1388392647866929,0.0,False
EmiliaRomagna_2023a,R5_+sar_event,0.356640813294343,-0.012357594375397537,-0.02761614765284956,-0.07052171129612228,-0.015836740547379546,0.004323670329287235,-0.014091676320573565,learner_logistic,0.0,0.6,-0.1388392647866929,0.06831755349057061,True
EmiliaRomagna_2023a,R5_+sar_event+population,0.4380126012507494,-0.009311927988176153,-0.02109622083290176,-0.1429909566401415,-0.011463037745498617,,,control_population,,,-0.1388392647866929,-0.0041516918534486025,False
Forli_2023b,R5_+sar_event,0.4104634253508047,0.0023485553260142776,0.014435387218315531,0.0022954481827593435,0.0013034889560629148,0.0008619190470805123,-0.033311834945715324,bandwidth_1000m,0.5,0.0,0.004422680484630122,-0.002127232301870778,False
Forli_2023b,R5_+sar_event,0.4104634253508047,0.0006786290018249356,0.004171190821187556,0.004276677354609825,-0.0016641832505836507,0.010844763134943387,-0.03160097642787113,window_minus3_plus3,0.5,0.0,0.004422680484630122,-0.00014600313002029706,False
Forli_2023b,R5_+sar_event,0.4104634253508047,0.00059552776558673,0.003660409359013085,0.004422680484630122,-0.0025499728782533704,,,gated_wide_grid,0.5,0.0,0.004422680484630122,0.0,False
Forli_2023b,R5_+sar_event,0.3500075850765304,0.0005457788776862337,0.0030665370770981233,0.009129353752222407,-0.0048043777178500835,-0.0023240715619136433,-0.018570041225288825,learner_logistic,0.25,0.4,0.004422680484630122,0.004706673267592286,False
Forli_2023b,R5_+sar_event+population,0.40777198601339937,0.0005381093149648133,0.0033102592022531806,0.00417195786411116,-0.0008740407674597828,,,control_population,,,0.004422680484630122,-0.00025072262051896183,False
Houston_SanJacinto_2017,R5_+sar_event,0.8487329541335361,0.0019416700052295385,0.0056203000550694715,0.0011733423065382895,-0.0008702849939418167,0.0002784195925550081,-0.12023436614869298,bandwidth_1000m,0.25,0.2,0.003437304427716794,-0.0022639621211785043,False
Houston_SanJacinto_2017,R5_+sar_event,0.8487329541335361,0.001170495421675225,0.003388081118409272,0.002394103769169094,-8.047675328359816e-05,0.0018733782995171522,-0.10894646464084301,window_minus3_plus3,0.25,0.4,0.003437304427716794,-0.0010432006585476996,False
Houston_SanJacinto_2017,R5_+sar_event,0.8487329541335361,0.0023178258841619215,0.006709109637225248,0.00345327426544316,0.00013804494387970045,0.001699967305252561,-0.1125127549685121,without_photos,0.25,0.4,0.003437304427716794,1.5969837726366367e-05,False
Houston_SanJacinto_2017,R5_+sar_event,0.8487329541335361,0.002255648378924567,0.006529132486026336,0.003437304427716794,0.00014644503846206192,,,gated_wide_grid,0.25,0.4,0.003437304427716794,0.0,False
Houston_SanJacinto_2017,R5_+sar_event,0.741183731106166,-0.0005839868520531906,-0.0012765907324096776,0.0035895035168409346,0.0032827973141210665,-0.0009278469528949706,-0.09165249262667086,learner_logistic,0.25,0.0,0.003437304427716794,0.0001521990891241408,False
Houston_SanJacinto_2017,R5_+sar_event+population,0.8496752055123077,0.002312204892462504,0.0067301048004742925,0.0035494091861361815,-2.491704422935559e-05,,,control_population,,,0.003437304427716794,0.00011210475841938764,False
Jakarta_2020,R5_+sar_event,0.07653622320627537,-0.0014103530776610447,-0.010696192329470697,-0.010588818890931521,-0.011875030065607584,0.007103655584810669,0.00020548131280813398,bandwidth_1000m,0.0,0.6,-0.021794996845841064,0.011206177954909543,False
Jakarta_2020,R5_+sar_event,0.07653622320627537,-0.0013451944896499827,-0.010202026151992009,-0.02208307421746656,-0.00505611353590292,-0.004821174857080984,-0.0014274147541879917,window_minus3_plus3,0.25,0.4,-0.021794996845841064,-0.00028807737162549543,False
Jakarta_2020,R5_+sar_event,0.07653622320627537,-0.0014324305378909225,-0.010863628955451362,-0.021794996845841064,-0.018295343332223546,,,gated_wide_grid,0.5,0.2,-0.021794996845841064,0.0,False
Jakarta_2020,R5_+sar_event,0.13961537454672107,-0.0011234186009683586,-0.008505184570538804,-0.018964220008024186,-0.0032922564724397474,-0.004243921894945098,-0.0005843186831592517,learner_logistic,2.0,0.0,-0.021794996845841064,0.0028307768378168785,False
Jakarta_2020,R5_+sar_event+population,0.07364381345310297,-0.0011375215190830255,-0.008585415407800329,-0.01993168301074299,-0.0018625262282420119,,,control_population,,,-0.021794996845841064,0.0018633138350980759,False
PortoAlegre_2024,R4_+forcing,0.9440542363990534,-0.00046464935098528313,-0.0017950591812527716,-0.00014177821207330822,0.0,-0.00013549804061369297,-0.11887519383285916,bandwidth_1000m,0.0,1.0,-5.687261864882427e-05,-8.490559342448395e-05,False
PortoAlegre_2024,R4_+forcing,0.9440542363990534,-5.34373158648601e-05,-0.00020644200677633078,-2.3058491326110034e-05,0.0,-0.00026891129700251426,-0.11290190351683849,window_minus3_plus3,0.0,1.0,-5.687261864882427e-05,3.381412732271423e-05,False
PortoAlegre_2024,R4_+forcing,0.9440542363990534,-0.0001268963174213524,-0.0004902329018029326,-5.687261864882427e-05,0.0,,,gated_wide_grid,0.0,1.0,-5.687261864882427e-05,0.0,False
PortoAlegre_2024,R4_+forcing,0.8761253688842899,0.0044295249583864785,0.011118290354957988,0.005738416805625554,-8.660960711837085e-06,0.007737811959315888,-0.1228782930027813,learner_logistic,0.0,1.0,-5.687261864882427e-05,0.005795289424274378,False
PortoAlegre_2024,R4_+forcing+population,0.9442862638330825,4.469719838297507e-05,0.00017320291233649678,-1.7371366166202326e-05,0.0,,,control_population,,,-5.687261864882427e-05,3.950125248262194e-05,False
TaquariValley_2024,R4_+forcing,0.5017717240055936,0.01299490289115936,0.05733885297727738,-0.0017579258099655326,-0.004781002730163575,0.011485768997752058,-0.03120861252708118,bandwidth_1000m,0.5,0.0,-0.02687037876873291,0.02511245295876738,False
TaquariValley_2024,R4_+forcing,0.5017717240055936,-0.015506844781297791,-0.06842257310450502,-0.02384116104906394,-0.038157771025436826,0.019676021500200088,-0.020157294121591396,window_minus3_plus3,0.5,0.2,-0.02687037876873291,0.003029217719668971,False
TaquariValley_2024,R4_+forcing,0.5017717240055936,-0.011282516286896697,-0.049783099420329,-0.02687037876873291,-0.03007114462773086,,,gated_wide_grid,0.5,0.2,-0.02687037876873291,0.0,False
TaquariValley_2024,R4_+forcing,0.46678719715163497,-0.003220870376989938,-0.014374591121721656,0.004808273836481455,-0.011427933865760964,0.006052461644085088,-0.0019336128182513845,learner_logistic,0.25,0.4,-0.02687037876873291,0.031678652605214366,True
TaquariValley_2024,R4_+forcing+population,0.5096367830264469,-0.012400625760013079,-0.05487843848124961,-0.026871390656871025,-0.040171159267298195,,,control_population,,,-0.02687037876873291,-1.0118881381138145e-06,False
Valencia_2024,R5_+sar_event,0.8646367786794255,0.02973343883204638,0.06946693261966645,0.01427361473859568,-0.021001113731093257,0.009094078467328962,-0.11987909859005474,bandwidth_1000m,1.0,0.0,0.03826805746306038,-0.0239944427244647,False
Valencia_2024,R5_+sar_event,0.8646367786794255,0.07660389058732311,0.1789714716784958,0.039441304573296955,-0.012807295703950672,-0.0013653356690459615,-0.12338259041486244,window_minus3_plus3,2.0,0.0,0.03826805746306038,0.0011732471102365721,False
Valencia_2024,R5_+sar_event,0.8646367786794255,0.07676482356078781,0.17934746317033445,0.03826805746306038,-0.024774268632900887,,,gated_wide_grid,2.0,0.0,0.03826805746306038,0.0,False
Valencia_2024,R5_+sar_event,0.7780421817783603,0.09245689194982949,0.1767041787168006,0.07935927427503317,-0.01773358356065502,0.062247261745229675,-0.16300239946868156,learner_logistic,2.0,0.0,0.03826805746306038,0.04109121681197279,False
Valencia_2024,R5_+sar_event+population,0.8633885365434237,0.08012021564092806,0.1850942290557758,0.04226563732708141,-0.013623380337639768,,,control_population,,,0.03826805746306038,0.0039975798640210294,False
York_2015,R5_+sar_event,0.7588481842608242,0.03437750501137468,0.13430678580277217,0.03123913671227864,-0.005547540181707,-0.10445930219899799,-0.1339635390521603,bandwidth_1000m,0.5,0.4,0.03686711205482503,-0.005627975342546387,False
York_2015,R5_+sar_event,0.7588481842608242,0.03373790533692556,0.13180798385518064,0.03686711205482503,-0.016175547864609396,-0.009049945528371236,-0.13614822673272464,window_minus3_plus3,1.0,0.2,0.03686711205482503,0.0,False
York_2015,R5_+sar_event,0.7588481842608242,0.030142444883508396,0.11776116059620186,0.055937072166263015,-0.01397440164216679,-0.007286642522968952,-0.1364414462180289,without_photos,1.0,0.2,0.03686711205482503,0.019069960111437988,False
York_2015,R5_+sar_event,0.7588481842608242,0.03373790533692556,0.13180798385518064,0.03686711205482503,-0.012350340926188363,,,gated_wide_grid,1.0,0.2,0.03686711205482503,0.0,False
York_2015,R5_+sar_event,0.7810613573468419,0.019196757613573024,0.08643993989813793,0.019501943827418468,-0.021704204804926297,-0.0001415843342509283,-0.08991336460787647,learner_logistic,0.5,0.2,0.03686711205482503,-0.01736516822740656,False
York_2015,R5_+sar_event+population,0.7439993848184805,0.03409104928600846,0.13284416490557668,0.032464540149631696,-0.014164421854816811,,,control_population,,,0.03686711205482503,-0.004402571905193331,False
