set,metric,cities,k,estimate,se,ci_low,ci_high,p_two_sided,p_one_sided_lt0,tau2,I2,Q,pi_low,pi_high,method
"tier A, all (confirmatory)",info_frac_fm,"Carlisle_2015,Chennai_2015,EmiliaRomagna_2023a,Forli_2023b,Houston_SanJacinto_2017,PortoAlegre_2024,TaquariValley_2024,Valencia_2024,York_2015",9,0.0018876063144540147,0.0037159349208789774,-0.006681354979242472,0.010456567608150502,0.6251767584478285,0.6874116207760859,1.7385425414336835e-05,0.6140377200368402,20.727414090215248,-0.011319110730827414,0.015094323359735444,"REML + HKSJ (max(1,q))"
"tier A, all (confirmatory)",dAP_stacked_fm,"Carlisle_2015,Chennai_2015,EmiliaRomagna_2023a,Forli_2023b,Houston_SanJacinto_2017,PortoAlegre_2024,TaquariValley_2024,Valencia_2024,York_2015",9,0.0022150420132778814,0.0033758589871741708,-0.005569702771011903,0.009999786797567667,0.5301482469502401,0.7349258765248798,8.418915159290325e-06,0.764096258035836,33.91213693089818,-0.008310946539416926,0.012741030565972688,"REML + HKSJ (max(1,q))"
"tier A, all (confirmatory)",dAP_gated_fm,"Carlisle_2015,Chennai_2015,EmiliaRomagna_2023a,Forli_2023b,Houston_SanJacinto_2017,PortoAlegre_2024,TaquariValley_2024,Valencia_2024,York_2015",8,-0.0031852606244432047,0.0031841704069354338,-0.010714627189886796,0.004344105941000388,0.35046215310533374,0.17523107655266687,2.093478771855066e-05,0.350842005342456,10.78319924827048,-0.01682528073381588,0.010454759484929473,"REML + HKSJ (max(1,q))"
"tier A, all (confirmatory)",dAP_early_fm,"Carlisle_2015,Chennai_2015,EmiliaRomagna_2023a,Forli_2023b,Houston_SanJacinto_2017,PortoAlegre_2024,TaquariValley_2024,Valencia_2024,York_2015",9,0.00036581351075911414,0.0006217985495825754,-0.0010680565158422573,0.0017996835373604858,0.5725510851998985,0.7137244574000507,0.0,0.0,4.718099838987656,-0.0011045064191890623,0.0018361334407072903,"REML + HKSJ (max(1,q))"
"tier A, all (confirmatory)",dAP_adr_legacy_fm,"Carlisle_2015,Chennai_2015,EmiliaRomagna_2023a,Forli_2023b,Houston_SanJacinto_2017,PortoAlegre_2024,TaquariValley_2024,Valencia_2024,York_2015",9,-0.07395383364069145,0.01775376797535867,-0.11489409600732384,-0.03301357127405907,0.003141299344729173,0.0015706496723645864,0.002316664056683059,0.9482338045955211,154.54100764971082,-0.1952629833751222,0.047355316093739316,"REML + HKSJ (max(1,q))"
"tier A, evaluable social layer (sensitivity, added in v6.1)",info_frac_fm,"Chennai_2015,EmiliaRomagna_2023a,Forli_2023b,Houston_SanJacinto_2017,PortoAlegre_2024,TaquariValley_2024,Valencia_2024",7,0.0015264526404288868,0.00333276319320055,-0.0066285251140732904,0.009681430394931063,0.6630612840956264,0.6684693579521868,1.7787811197066955e-05,0.6033439960269551,15.126457030529998,-0.012291499952448602,0.015344405233306374,"REML + HKSJ (max(1,q))"
"tier A, evaluable social layer (sensitivity, added in v6.1)",dAP_stacked_fm,"Chennai_2015,EmiliaRomagna_2023a,Forli_2023b,Houston_SanJacinto_2017,PortoAlegre_2024,TaquariValley_2024,Valencia_2024",7,0.001257413797162537,0.0024741291369399635,-0.004796562109278934,0.007311389703604008,0.6294350268273885,0.6852824865863056,4.4212207628219555e-06,0.7413782380384014,23.1999038073637,-0.0070890780896287345,0.009603905683953808,"REML + HKSJ (max(1,q))"
"tier A, evaluable social layer (sensitivity, added in v6.1)",dAP_gated_fm,"Chennai_2015,EmiliaRomagna_2023a,Forli_2023b,Houston_SanJacinto_2017,PortoAlegre_2024,TaquariValley_2024,Valencia_2024",6,-0.00522075080986712,0.0042400549753822524,-0.01612015911168412,0.005678657491949878,0.27296520523809725,0.13648260261904863,4.0989039398230836e-05,0.5299038022774692,10.636120913599044,-0.026541084449817783,0.01609958283008354,"REML + HKSJ (max(1,q))"
"tier A, evaluable social layer (sensitivity, added in v6.1)",dAP_early_fm,"Chennai_2015,EmiliaRomagna_2023a,Forli_2023b,Houston_SanJacinto_2017,PortoAlegre_2024,TaquariValley_2024,Valencia_2024",7,0.00034236842218528105,0.0006225777937868297,-0.0011810245596914012,0.0018657614040619634,0.6022275337364555,0.6988862331317722,0.0,0.0,2.228590694878128,-0.0012580187457936743,0.0019427555901642365,"REML + HKSJ (max(1,q))"
"tier A, evaluable social layer (sensitivity, added in v6.1)",dAP_adr_legacy_fm,"Chennai_2015,EmiliaRomagna_2023a,Forli_2023b,Houston_SanJacinto_2017,PortoAlegre_2024,TaquariValley_2024,Valencia_2024",7,-0.06414792899211601,0.018495191681662325,-0.1094040327071734,-0.018891825277058613,0.013330509626690757,0.006665254813345379,0.0022052375358692956,0.9589170822241883,146.04610200136779,-0.1938874543938332,0.0655915964096012,"REML + HKSJ (max(1,q))"
"tier A, localisable (conditional)",info_frac_fm,Chennai_2015,1,-0.011685334207988151,0.00922587169256761,-0.029767710451408254,0.006397042035431953,,,0.0,,,,,single city (no pooling)
"tier A, localisable (conditional)",dAP_stacked_fm,Chennai_2015,1,-0.011999246523481926,0.01205946325961198,-0.03563536018520541,0.01163686713824156,,,0.0,,,,,single city (no pooling)
"tier A, localisable (conditional)",dAP_gated_fm,Chennai_2015,1,-0.009493769129632706,0.0116998359579086,-0.032425026232160245,0.013437487972894832,,,0.0,,,,,single city (no pooling)
"tier A, localisable (conditional)",dAP_early_fm,Chennai_2015,1,-0.009475373462789916,0.010666655212323472,-0.030381633514450366,0.011430886588870533,,,0.0,,,,,single city (no pooling)
"tier A, localisable (conditional)",dAP_adr_legacy_fm,Chennai_2015,1,-0.007933887112446303,0.004661170984685637,-0.017069614368213252,0.0012018401433206462,,,0.0,,,,,single city (no pooling)
tier A + A-points,info_frac_fm,"Carlisle_2015,Chennai_2015,EmiliaRomagna_2023a,Forli_2023b,Houston_SanJacinto_2017,PortoAlegre_2024,TaquariValley_2024,Valencia_2024,York_2015",9,0.0018876063144540147,0.0037159349208789774,-0.006681354979242472,0.010456567608150502,0.6251767584478285,0.6874116207760859,1.7385425414336835e-05,0.6140377200368402,20.727414090215248,-0.011319110730827414,0.015094323359735444,"REML + HKSJ (max(1,q))"
tier A + A-points,dAP_stacked_fm,"Carlisle_2015,Chennai_2015,EmiliaRomagna_2023a,Forli_2023b,Houston_SanJacinto_2017,PortoAlegre_2024,TaquariValley_2024,Valencia_2024,York_2015",9,0.0022150420132778814,0.0033758589871741708,-0.005569702771011903,0.009999786797567667,0.5301482469502401,0.7349258765248798,8.418915159290325e-06,0.764096258035836,33.91213693089818,-0.008310946539416926,0.012741030565972688,"REML + HKSJ (max(1,q))"
tier A + A-points,dAP_gated_fm,"Carlisle_2015,Chennai_2015,EmiliaRomagna_2023a,Forli_2023b,Houston_SanJacinto_2017,PortoAlegre_2024,TaquariValley_2024,Valencia_2024,York_2015",8,-0.0031852606244432047,0.0031841704069354338,-0.010714627189886796,0.004344105941000388,0.35046215310533374,0.17523107655266687,2.093478771855066e-05,0.350842005342456,10.78319924827048,-0.01682528073381588,0.010454759484929473,"REML + HKSJ (max(1,q))"
tier A + A-points,dAP_early_fm,"Carlisle_2015,Chennai_2015,EmiliaRomagna_2023a,Forli_2023b,Houston_SanJacinto_2017,PortoAlegre_2024,TaquariValley_2024,Valencia_2024,York_2015",9,0.00036581351075911414,0.0006217985495825754,-0.0010680565158422573,0.0017996835373604858,0.5725510851998985,0.7137244574000507,0.0,0.0,4.718099838987656,-0.0011045064191890623,0.0018361334407072903,"REML + HKSJ (max(1,q))"
tier A + A-points,dAP_adr_legacy_fm,"Carlisle_2015,Chennai_2015,EmiliaRomagna_2023a,Forli_2023b,Houston_SanJacinto_2017,PortoAlegre_2024,TaquariValley_2024,Valencia_2024,York_2015",9,-0.07395383364069145,0.01775376797535867,-0.11489409600732384,-0.03301357127405907,0.003141299344729173,0.0015706496723645864,0.002316664056683059,0.9482338045955211,154.54100764971082,-0.1952629833751222,0.047355316093739316,"REML + HKSJ (max(1,q))"
"tier A + A-points, localisable",info_frac_fm,Chennai_2015,1,-0.011685334207988151,0.00922587169256761,-0.029767710451408254,0.006397042035431953,,,0.0,,,,,single city (no pooling)
"tier A + A-points, localisable",dAP_stacked_fm,Chennai_2015,1,-0.011999246523481926,0.01205946325961198,-0.03563536018520541,0.01163686713824156,,,0.0,,,,,single city (no pooling)
"tier A + A-points, localisable",dAP_gated_fm,Chennai_2015,1,-0.009493769129632706,0.0116998359579086,-0.032425026232160245,0.013437487972894832,,,0.0,,,,,single city (no pooling)
"tier A + A-points, localisable",dAP_early_fm,Chennai_2015,1,-0.009475373462789916,0.010666655212323472,-0.030381633514450366,0.011430886588870533,,,0.0,,,,,single city (no pooling)
"tier A + A-points, localisable",dAP_adr_legacy_fm,Chennai_2015,1,-0.007933887112446303,0.004661170984685637,-0.017069614368213252,0.0012018401433206462,,,0.0,,,,,single city (no pooling)
all localisable (any tier),info_frac_fm,"Chennai_2015,Jakarta_2020",2,-0.01116405253208464,0.005578486481655419,-0.08204544388741714,0.05971733882324786,0.2950057324760893,0.14750286623804465,0.0,0.0,0.005032383168375133,,,"REML + HKSJ (max(1,q))"
all localisable (any tier),dAP_stacked_fm,"Chennai_2015,Jakarta_2020",2,-0.020572642397641453,0.004259981409041095,-0.07470083835431209,0.03355555355902917,0.12998789303522607,0.06499394651761303,0.0,0.0,0.5774769144236123,,,"REML + HKSJ (max(1,q))"
all localisable (any tier),dAP_gated_fm,"Chennai_2015,Jakarta_2020",2,-0.005235783598291609,0.004381977681427623,-0.06091408916898701,0.05044252197240379,0.44363256088829583,0.22181628044414792,0.0,0.0,0.1540598048233423,,,"REML + HKSJ (max(1,q))"
all localisable (any tier),dAP_early_fm,"Chennai_2015,Jakarta_2020",2,-0.009676346441437599,0.006045437373895925,-0.0864909114354376,0.06713821855256241,0.3555075294591347,0.17775376472956736,0.0,0.0,0.0005229835930729695,,,"REML + HKSJ (max(1,q))"
all localisable (any tier),dAP_adr_legacy_fm,"Chennai_2015,Jakarta_2020",2,-0.003089794015460018,0.002889951734621411,-0.03981011243396674,0.03363052440304671,0.47873217029900683,0.23936608514950342,1.0090544012236212e-05,0.4677884271668768,1.8789520015070276,,,"REML + HKSJ (max(1,q))"
