city,gt_tier,documents_kept,documents_by_source,mentions_primary,by_resolution,distinct_locations,effective_locations,top_place,top_share,top5,localisable,gazetteer_names,toponym_candidates_dropped
Carlisle_2015,A_authoritative,2385,"{""gdelt_bigquery"": 2120, ""google_news_rss"": 93, ""reddit_arcticshift"": 172}",2,"{""gazetteer"": 2}",1,1.0,Harraby,1.0,"[[""Harraby"", 1.0]]",False,60,
Chennai_2015,A_authoritative,7663,"{""gdelt_bigquery"": 6957, ""google_news_rss"": 109, ""reddit_arcticshift"": 597}",3029,"{""gazetteer"": 2946, ""ner+nominatim"": 83}",83,19.27,Adyar,0.146,"[[""Adyar"", 0.146], [""Saidapet"", 0.08], [""Kotturpuram"", 0.06], [""Kodambakkam"", 0.054], [""manali"", 0.053]]",True,336,
EmiliaRomagna_2023a,A_authoritative,1093,"{""gdelt_bigquery"": 973, ""google_news_rss"": 51, ""reddit_arcticshift"": 69}",262,"{""gazetteer"": 245, ""ner+nominatim"": 17}",20,5.29,Lavezzola,0.336,"[[""Lavezzola"", 0.336], [""Faenza"", 0.225], [""Castel Bolognese"", 0.107], [""Bagnacavallo"", 0.076], [""Conselice"", 0.061]]",False,411,
Forli_2023b,A_authoritative,7344,"{""gdelt_bigquery"": 7202, ""google_news_rss"": 70, ""reddit_arcticshift"": 72}",239,"{""gazetteer"": 233, ""ner+nominatim"": 6}",23,3.78,Dovadola,0.439,"[[""Dovadola"", 0.439], [""Faenza"", 0.238], [""Roncalceci"", 0.105], [""Solarolo"", 0.038], [""Durazzano"", 0.029]]",False,275,
Houston_SanJacinto_2017,A_authoritative,42560,"{""gdelt_bigquery"": 39540, ""google_news_rss"": 35, ""reddit_arcticshift"": 2985}",437,"{""gazetteer"": 437}",35,4.82,Kingwood,0.414,"[[""Kingwood"", 0.414], [""Tomball"", 0.149], [""Conroe"", 0.066], [""North Houston"", 0.053], [""New Caney"", 0.041]]",False,475,
Jakarta_2020,B_crowdsourced,12158,"{""gdelt_bigquery"": 11030, ""google_news_rss"": 306, ""reddit_arcticshift"": 822}",4482,"{""gazetteer"": 3288, ""ner+nominatim"": 1194}",213,34.6,Kemang,0.086,"[[""Kemang"", 0.086], [""Manggarai"", 0.086], [""Kalideres"", 0.044], [""Kebanjiran"", 0.039], [""Cipinang"", 0.037]]",True,1652,
PortoAlegre_2024,A_authoritative,2115,"{""gdelt_bigquery"": 1254, ""google_news_rss"": 377, ""reddit_arcticshift"": 484}",219,"{""gazetteer"": 74, ""ner+nominatim"": 145}",34,7.97,Sao Sebastiao,0.274,"[[""Sao Sebastiao"", 0.274], [""Belem Novo"", 0.119], [""Sarandi"", 0.105], [""Sao Joao"", 0.105], [""Nossa Senhora das Gracas"", 0.068]]",False,383,
TaquariValley_2024,A_authoritative,569,"{""gdelt_bigquery"": 197, ""google_news_rss"": 85, ""reddit_arcticshift"": 287}",60,"{""gazetteer"": 49, ""ner+nominatim"": 11}",8,2.11,Encantado,0.667,"[[""Encantado"", 0.667], [""Roca Sales"", 0.15], [""Roca Sales"", 0.067], [""Tres Pinheiros"", 0.033], [""Sao Jose"", 0.033]]",False,12,
Valencia_2024,A_authoritative,16901,"{""gdelt_bigquery"": 16100, ""google_news_rss"": 404, ""reddit_arcticshift"": 397}",1802,"{""gazetteer"": 1698, ""ner+nominatim"": 104}",33,3.92,Paiporta,0.444,"[[""Paiporta"", 0.444], [""Sedavi"", 0.15], [""Catarroja"", 0.128], [""Alfafar"", 0.115], [""Picana"", 0.073]]",False,147,
York_2015,A_authoritative,4857,"{""gdelt_bigquery"": 4236, ""google_news_rss"": 68, ""reddit_arcticshift"": 553}",5,"{""gazetteer"": 5}",2,1.92,New Earswick,0.6,"[[""New Earswick"", 0.6], [""Earswick"", 0.4]]",False,28,
