city,rung,metric,estimate,ci90_low,ci90_high,ci95_low,ci95_high,p_null,sesoi,verdict,se
Carlisle_2015,R5_+sar_event,info_nats_fm,0.1899651027135294,0.08408974794686999,0.27909676946838985,0.06632249295387822,0.3014501525877203,0.15,,inconclusive,0.059981545824959716
Carlisle_2015,R5_+sar_event,info_frac_fm,0.3509100292886887,0.12628200613998672,0.719482110191797,0.09951102139315864,0.7525993483031868,0.15,0.02,inconclusive,0.1666041650280684
Carlisle_2015,R5_+sar_event,dAP_stacked_fm,0.049853710198076814,-0.026328252183703344,0.06312611366313926,-0.03690413921877591,0.06793958175316266,0.14,0.01,inconclusive,0.026745847186719022
Carlisle_2015,R5_+sar_event,dAP_gated_fm,0.02671025284059895,0.020475153853544314,0.03960942934512016,0.017437220919510762,0.04654428911748917,0.57,0.01,inconclusive,0.007425272499484287
Carlisle_2015,R5_+sar_event,dAP_early_fm,-0.0024045972559407504,-0.00902319503283527,0.05270029557545695,-0.01119426840509201,0.05981283292798969,0.5384615384615384,0.01,inconclusive,0.018114056462520844
Carlisle_2015,R5_+sar_event,dAP_adr_legacy_fm,0.0,0.0,0.0,0.0,0.0,,0.01,saturated,0.0
Chennai_2015,R5_+sar_event,info_nats_fm,-0.0008264605644043212,-0.00844777728380042,0.005853828064105853,-0.012037884400202732,0.006792024838715951,0.66,,inconclusive,0.004803548275234358
Chennai_2015,R5_+sar_event,info_frac_fm,-0.0016105568181543713,-0.016118771399661603,0.011463001620279228,-0.022680032688156316,0.013435569284076267,0.66,0.02,saturated,0.00921316376842668
Chennai_2015,R5_+sar_event,dAP_stacked_fm,-0.004530356361882744,-0.023358160218096648,0.012078572810853642,-0.027156567268387968,0.017013140322082586,0.79,0.01,inconclusive,0.011267782548589426
Chennai_2015,R5_+sar_event,dAP_gated_fm,-0.0022656527378224914,-0.02055428953777451,0.013471349634060194,-0.02474315660113815,0.015971748447267776,0.74,0.01,inconclusive,0.010386455369491308
Chennai_2015,R5_+sar_event,dAP_early_fm,0.010111917582457773,-0.004887457787469814,0.028622619547894808,-0.007628033297651268,0.03184239950441321,0.3076923076923077,0.01,inconclusive,0.010068987959710328
Chennai_2015,R5_+sar_event,dAP_adr_legacy_fm,-0.010043495203505837,-0.018624677149577353,0.002026893785803885,-0.019854650398835903,0.003538288250520133,,0.01,inconclusive,0.005967586390141846
EmiliaRomagna_2023a,R5_+sar_event,info_nats_fm,-0.0060624192593920715,-0.037344961750139447,0.02010004478956013,-0.04436338992813646,0.022061926639633217,0.8,,inconclusive,0.01694523381830859
EmiliaRomagna_2023a,R5_+sar_event,info_frac_fm,-0.013678406812273563,-0.07354421045732004,0.053701368808333774,-0.09154545857854364,0.06182944113891411,0.8,0.02,inconclusive,0.03912624992792289
EmiliaRomagna_2023a,R5_+sar_event,dAP_stacked_fm,-0.13628173607130373,-0.1469278926135022,0.013135947452575564,-0.1564272878025072,0.018910973492451112,0.98,0.01,inconclusive,0.04472914828953018
EmiliaRomagna_2023a,R5_+sar_event,dAP_gated_fm,-0.011685953504368699,-0.014820485170979874,0.008274948933065435,-0.016646890028223785,0.00954772733341116,0.87,0.01,inconclusive,0.006682300347355854
EmiliaRomagna_2023a,R5_+sar_event,dAP_early_fm,-0.008882211811179583,-0.030103345869741588,0.01562599821268716,-0.03532048492058404,0.018460740473615872,0.7692307692307693,0.01,inconclusive,0.013719700355663243
EmiliaRomagna_2023a,R5_+sar_event,dAP_adr_legacy_fm,-0.055017840479651414,-0.07346802818902097,0.00026503064018155477,-0.07757708492705445,0.003874220596511827,,0.01,inconclusive,0.020778394266215888
Forli_2023b,R5_+sar_event,info_nats_fm,0.0016159244850060574,-0.00014451764661135464,0.003604342039604022,-0.0003622233287084757,0.004064209810764644,0.02,,inconclusive,0.001129192127416612
Forli_2023b,R5_+sar_event,info_frac_fm,0.011739555166810328,-0.0010957497638249103,0.024672320372747417,-0.0025114834552900523,0.02736990866834785,0.02,0.02,inconclusive,0.007622804113172935
Forli_2023b,R5_+sar_event,dAP_stacked_fm,0.005393125884531585,-0.0030406062067817458,0.014870383637215672,-0.0044734873445193704,0.016182965594182367,0.18,0.01,inconclusive,0.005269503300689218
Forli_2023b,R5_+sar_event,dAP_gated_fm,0.0023962246296446717,-0.006971029395435834,0.012421885157944868,-0.008698671785217837,0.013696720448695137,0.41,0.01,inconclusive,0.0057131102637533095
Forli_2023b,R5_+sar_event,dAP_early_fm,0.007646711206878405,-0.007301712039812212,0.024604541901695094,-0.009053428965395046,0.026956188909655288,0.23076923076923078,0.01,inconclusive,0.00918612700894141
Forli_2023b,R5_+sar_event,dAP_adr_legacy_fm,-0.028235837929165508,-0.03940227949268782,-0.015237174408850866,-0.04182424195215196,-0.013977329963764183,,0.01,harmful,0.0071038040786703515
Houston_SanJacinto_2017,R5_+sar_event,info_nats_fm,0.0016823473417682498,0.0005271427886017484,0.0027858234622698745,0.0003904965561454099,0.0030028577458161934,0.26,,inconclusive,0.0006664186708343836
Houston_SanJacinto_2017,R5_+sar_event,info_frac_fm,0.004869672411954623,0.0015340541543228511,0.007962692062416368,0.0011228360718911886,0.008627259782321543,0.26,0.02,saturated,0.0019143938036812129
Houston_SanJacinto_2017,R5_+sar_event,dAP_stacked_fm,0.003207934660787884,0.0013421968025298964,0.005276328856681696,0.0010580333743785283,0.0060208029857581604,0.1,0.01,saturated,0.001266012655964192
Houston_SanJacinto_2017,R5_+sar_event,dAP_gated_fm,0.0015205599088841857,0.0006632521268337928,0.0023828462728587704,0.0005498961872895132,0.0025511560348683176,0.04,0.01,informative,0.0005105254713211236
Houston_SanJacinto_2017,R5_+sar_event,dAP_early_fm,0.005206548072101467,0.0005283802384050278,0.01009340539774906,-0.00023098975001926362,0.011104837102529323,0.19230769230769232,0.01,inconclusive,0.0028917925644256597
Houston_SanJacinto_2017,R5_+sar_event,dAP_adr_legacy_fm,-0.11518820389321205,-0.13442282684743792,-0.0965047444928872,-0.13761728026270306,-0.09352889473395495,,0.01,harmful,0.01124703712468064
Jakarta_2020,R5_+sar_event,info_nats_fm,-0.001251116161049009,-0.002860473068280269,0.0004606107073061939,-0.0031504572766115906,0.0006607027443726588,0.68,,inconclusive,0.0009722346992306758
Jakarta_2020,R5_+sar_event,info_frac_fm,-0.009488531132418617,-0.02436529713796727,0.0032415364336954287,-0.02654880842799781,0.004629829741415328,0.68,0.02,inconclusive,0.007953734226891107
Jakarta_2020,R5_+sar_event,dAP_stacked_fm,-0.023314152579861518,-0.028422444360715258,-0.012859129360217282,-0.029085378466379177,-0.011855071365152218,0.98,0.01,harmful,0.00439548650541504
Jakarta_2020,R5_+sar_event,dAP_gated_fm,-0.004505127231755642,-0.012053060003053733,0.0017249737612326178,-0.012983587639376702,0.002491538432229789,0.84,0.01,inconclusive,0.003947736242756758
Jakarta_2020,R5_+sar_event,dAP_early_fm,-0.007117460552471494,-0.020497379190259048,0.009511373525644377,-0.0238336363345997,0.012302417681936753,0.8461538461538461,0.01,inconclusive,0.009218381126667462
Jakarta_2020,R5_+sar_event,dAP_adr_legacy_fm,-0.001329986985029355,-0.003161340099302845,0.0006884084831168637,-0.003419426918287817,0.001064155600975902,,0.01,saturated,0.0011437710508325812
PortoAlegre_2024,R4_+forcing,info_nats_fm,-7.413507832692594e-05,-0.0005029736431606799,0.0003464469074778323,-0.0005744410005263318,0.00041302574126143393,0.68,,inconclusive,0.0002519047810683076
PortoAlegre_2024,R4_+forcing,info_frac_fm,-0.0002927849361966816,-0.0019259626991822343,0.0013479949168901555,-0.002352637539261628,0.0016148204826137648,0.68,0.02,saturated,0.0010121066382335184
PortoAlegre_2024,R4_+forcing,dAP_stacked_fm,-2.2271279948557802e-05,-0.0002475688637745363,0.0002047705574052006,-0.0003376920797780323,0.00025833440083207986,0.61,0.01,saturated,0.0001520475715842123
PortoAlegre_2024,R4_+forcing,dAP_gated_fm,8.819247896066502e-05,8.819247896066502e-05,8.819247896066502e-05,8.819247896066502e-05,8.819247896066502e-05,0.67,0.01,saturated,0.0
PortoAlegre_2024,R4_+forcing,dAP_early_fm,0.00021517220710890684,-0.0007664179572244333,0.0013032295573044317,-0.0011319753890984556,0.0015268372873068032,0.2692307692307692,0.01,saturated,0.0006782685398993008
PortoAlegre_2024,R4_+forcing,dAP_adr_legacy_fm,-0.09599037657450327,-0.10792028317272354,-0.08100253853847775,-0.11031806519899497,-0.07814188655117922,,0.01,harmful,0.008208208838728507
TaquariValley_2024,R4_+forcing,info_nats_fm,-0.015433155311161304,-0.033441737489250965,-0.0007758191027456554,-0.03591594961443188,0.00325894841056433,0.86,,inconclusive,0.009993596434948014
TaquariValley_2024,R4_+forcing,info_frac_fm,-0.06809742487296233,-0.13366578641197713,-0.0052826085787452985,-0.14472781190217424,0.016090127209694747,0.86,0.02,inconclusive,0.041024984467313515
TaquariValley_2024,R4_+forcing,dAP_stacked_fm,-0.025584173707663138,-0.044433751174966014,0.021845831701286872,-0.05235330798258286,0.02593298474466638,0.93,0.01,inconclusive,0.019970993042665624
TaquariValley_2024,R4_+forcing,dAP_gated_fm,-0.03286822861413796,-0.03373390229613114,0.016384086015144673,-0.03614909256350079,0.021244367899338368,0.99,0.01,inconclusive,0.014641188893581418
TaquariValley_2024,R4_+forcing,dAP_early_fm,0.02314346603994161,-0.004739289817584789,0.0425956705312361,-0.010269371747118151,0.046200398198608765,0.038461538461538464,0.01,inconclusive,0.014405553557583398
TaquariValley_2024,R4_+forcing,dAP_adr_legacy_fm,-0.02039104342450293,-0.03593291440227636,-0.006530817479655032,-0.038150435565776554,-0.004055756823314966,,0.01,harmful,0.008697622128178976
Valencia_2024,R5_+sar_event,info_nats_fm,0.07695638473183328,-0.011757492372090957,0.15886125094606576,-0.022990866056652102,0.1721759407169101,0.01,,inconclusive,0.04978745070754138
Valencia_2024,R5_+sar_event,info_frac_fm,0.17979501204070653,-0.03879695375586856,0.31409536247753916,-0.06984774825851127,0.33284790244642204,0.01,0.02,inconclusive,0.10272848232268707
Valencia_2024,R5_+sar_event,dAP_stacked_fm,0.0387895044339851,0.0034457025473614237,0.0951514444568882,-0.0028264563186442843,0.10390769948041265,0.01,0.01,inconclusive,0.027228100969147177
Valencia_2024,R5_+sar_event,dAP_gated_fm,-0.012483227420553316,-0.030904791706208648,0.021875516673674596,-0.032777519201090226,0.027838833564582763,0.99,0.01,inconclusive,0.015463355297365559
Valencia_2024,R5_+sar_event,dAP_early_fm,0.0005533261160487598,-0.01728952969624194,0.05201095017047376,-0.0218122361804849,0.08051171038934843,0.4230769230769231,0.01,inconclusive,0.026103047594345237
Valencia_2024,R5_+sar_event,dAP_adr_legacy_fm,-0.12338227075606345,-0.1421883209239322,-0.062108855543085414,-0.1477190528379653,-0.051111685142397466,,0.01,harmful,0.02464473665703261
York_2015,R5_+sar_event,info_nats_fm,0.03037759179222861,0.005130808518555883,0.045019513451135244,0.00121070879886256,0.04975041786131872,0.44,,inconclusive,0.012382578842463307
York_2015,R5_+sar_event,info_frac_fm,0.1186798376639885,0.02753716454011078,0.2028513284844899,0.00555364674127582,0.2352344823025872,0.44,0.02,inconclusive,0.058592049888089644
York_2015,R5_+sar_event,dAP_stacked_fm,0.059467936068071756,0.008758407934140186,0.08776340489720308,-0.012525171189020905,0.0924537779438763,0.27,0.01,inconclusive,0.02678034416655541
York_2015,R5_+sar_event,dAP_gated_fm,0.022566062088780557,0.011374621669529366,0.029041206750585215,0.009166102913229073,0.029577416793617972,0.64,0.01,inconclusive,0.005206967826629822
York_2015,R5_+sar_event,dAP_early_fm,0.004299974614366556,-0.0517684629052875,0.02854604078198334,-0.06952298431335922,0.032398801373428786,0.4230769230769231,0.01,inconclusive,0.02600045553234388
York_2015,R5_+sar_event,dAP_adr_legacy_fm,-0.136148579692852,-0.19003062803447446,-0.02458056374790024,-0.19918809366057846,-0.014925830965656507,,0.01,harmful,0.04700567925890867
