info_nats,dAP_stacked,dAP_gated,dAP_early,info_nats_fm,dAP_stacked_fm,dAP_gated_fm,dAP_early_fm
-0.02648312773734327,-0.244467892050464,-0.003323118382037138,-0.0038254704638416293,-0.04217184140651223,-0.10355057945746415,-0.004841106912156445,0.08708992591222153
-0.010827944960947744,-0.09669258014438409,-0.03877855264227581,-0.1276990711649289,-0.020956764705965962,-0.11073430445235877,-0.027105428294046385,-0.03065711283294159
-0.021299175796350007,-0.15899914348505284,-0.171848937876936,-0.07782427675376025,-0.05240807594254333,-0.05402612220469749,-0.07654607947772563,0.02249026006693844
-0.036380254711284074,-0.241564619440431,-0.12850320283064642,-0.14893573409707728,-0.11973084417910418,-0.13454530921734742,-0.07275251161284757,-0.06440376880988108
-0.005054198517736453,-0.03982186608639082,0.0,0.034088276913164184,-0.013401472385110063,-0.0808498654763673,0.0,0.05195025968036948
-0.09876675242899988,-0.354421216301133,-0.32188068983772805,-0.12628180551319845,-0.029716371238686833,-0.17336054814682178,-0.1041505200704167,-0.07938790805500096
-0.03623224732221509,-0.27253584978806816,-0.04380665258787497,0.01476878326649822,-0.12435018580043797,-0.02775586017343612,-0.0016341485051776239,0.03710803166275345
-0.03018016350627296,-0.24997025036312903,-0.06795573743519878,-0.0006234890757588207,-0.09912463719292627,-0.021058920035333162,-0.026544285865226613,0.029300211092006978
-0.04607155579292889,-0.27556992945216846,-0.05129667155581219,-0.003147151451117214,-0.18396480178825284,-0.07245488211895901,-0.013341206657408011,0.015606999115140074
-0.017053685325076624,-0.12288920896388333,-0.0037825039214455236,-0.04763580795976541,-0.05378204110018055,-0.09485016818660352,5.6661979325745016e-05,-0.03250555003580535
-0.00939995745838008,-0.12205464294489776,-0.18747566755752515,-0.1346914004488195,-0.04272831501055861,-0.05772654061452365,-0.08478943213077061,-0.030871050611711026
6.39113094537745e-05,-0.00407508723189387,0.0,0.025624181789157485,-0.004061459521158895,-0.07446163902320668,0.0,0.04970957098267659
0.0018717684047218062,-0.016476833317486173,-0.01453652741876077,-0.05247410715645795,0.004483348173664347,0.044447763174249366,-0.01035997329256444,0.01264736888691087
-0.1208729512629205,-0.35613829152660637,-0.3552245354424623,-0.08072717234915061,-0.03932138128509323,-0.16412079933862211,-0.10547121869268328,-0.06406157679112268
-0.0007605203328261873,-0.012795528430173064,-0.041985733389117486,-0.04939827073399772,-0.0068168627853194596,-0.0071501056536190655,-0.030864583809362633,-0.014315404248002706
0.004555344255590791,0.028566576692362067,-0.07892445606925713,-0.06416213038059515,-0.03780980183010109,0.012402281010506444,-0.048626545452390535,-0.004008947932029772
-0.005435899188440346,-0.10353786397248871,0.0,-0.07457072895375283,-0.0026448455846619754,0.03145300898104508,0.0,0.022003126812603302
-0.017719584422713857,-0.20258767521933457,-0.17388847417257314,-0.15504809896547472,-0.06882053138502084,-0.0858708882614222,-0.08176911389982355,-0.018333903845585198
-0.012838378428229425,-0.14631755904278587,0.0,-0.1170760471125527,-0.013349207983354042,0.026276982260568515,0.0,0.009199611001183938
0.013454440540531937,0.06209800021157341,-0.050379924564612155,0.0059240118078751625,0.015016319250638704,0.04871172800767254,-0.029560298298706655,0.04962869324462271
-0.05372969118892185,-0.3153512675806148,-0.056236457416005026,-0.02990587132481204,-0.22175605509588697,-0.1021368433894152,-0.003234208582282072,-0.0007352299934088036
-0.015041739600047446,-0.1598005622375263,-0.1047896011537896,-0.0513172142614583,-0.0012347390474696637,-0.11083947773155611,-0.06082402875743387,-0.04992034577323434
0.002162572843049241,-0.0374297652814497,-0.2219205721562375,-0.017948992422410104,-0.01248872758155468,-0.022244257070550666,-0.07823219168667894,0.011756614407332555
-0.012838378428229425,-0.14631755904278587,0.0,-0.1170760471125527,-0.013349207983354042,0.026276982260568515,0.0,0.009199611001183938
-0.03676287747978527,-0.2377537177001725,-0.16181552184931136,0.04107164507298966,-0.0002967748975422943,-0.13968662919427477,-0.0779291553539686,0.02387471968325583
-0.017311124428968407,-0.17405408546730244,-0.005323301532573876,,-0.027016775350242057,-0.008748075705280134,-0.0002976792284723473,
-0.04484391499873807,-0.2981213448631453,-0.04832443723194102,,-0.16914755228379755,-0.04945236966271327,-0.002222491352286138,
-0.008020413179869339,-0.16949447571308873,-0.0004333578883318756,,-0.005991048329602391,-0.08366698283621343,-0.0015945859322337164,
0.0005012371572870987,-0.025848986499659166,-0.013663879661705902,,0.003299696197903876,0.04305681248273607,-0.009770137607708174,
-0.04536174099579488,-0.25727493438286686,-0.22142660302265016,,-0.1974022220054016,-0.16460877881892533,-0.09189411946721704,
-0.023982165471144578,-0.23815245697576365,-0.09792271695574178,,-0.0018915609620557329,-0.19198400669008986,-0.0581331304814674,
-0.0021807538780015006,-0.13150137877649842,0.0,,0.001321165041483385,-0.06736958860947828,0.0,
-0.048628026062566894,-0.2940566600806996,-0.04668121431233796,,-0.19449018983959035,-0.045910247311807706,-0.0011608157453487644,
0.014337562653498911,0.015562125236885493,-0.009624740979444768,,0.021880171440524718,-0.03181353071611637,-0.000975806400450363,
-0.012019130817976233,-0.1279234216843056,-0.002852744256219286,,-0.02635562927651556,-0.012251723461844333,-0.002767073777573903,
0.011237358439863752,-0.029354045838127285,0.0,,0.027485800372604563,-0.03566823017913601,0.0,
-0.005535485999653387,-0.04062856618587951,0.0,,-0.020295033453847835,-0.08099555896158883,0.0,
0.004331074982958247,0.003367234137418351,-0.03493266454244626,,0.00436240715825628,0.03940658687187237,-0.0221473865520877,
-0.046449990194069035,-0.2998546163530329,-0.10435864319722954,,-0.1707675975474943,-0.09425690475717607,-0.04441919771693292,
0.00357907483147841,-0.06981546440616082,0.0,,0.01480692216457393,-0.03833221907984241,0.0,
-0.0018514618022523663,0.015998476663300343,-0.03244148696663507,,-0.09109857308380462,0.001355700974191909,-0.02128711365860414,
-0.0038589527663642044,-0.05172923216462427,-0.04861686319961611,,-0.017996419913265234,-0.031092550325513835,-0.032538419060269885,
0.017936629006146326,0.05731402353314208,-0.25676546729299743,,-0.02242066075802593,0.030737048745858142,-0.08655329963729974,
-0.05293866121042091,-0.2506320364022786,-0.13652528970329397,,-0.2400011015451732,-0.19050914813057157,-0.06491858282849461,
-0.0047925480124254285,-0.0878812872248359,-0.12038475721048458,,-0.019956302176557878,-0.07208662603888161,-0.06848470049127242,
-0.021683926261960557,-0.22932579862668562,0.0004897420189603485,,-0.0351298067026044,-0.09739657847651029,-0.0023317966805026513,
-0.007708602461047451,-0.06755359179229847,0.0,,-0.01558136812248265,-0.08989181577601457,0.0,
-0.021689461538919548,-0.20305260974397388,-0.02725054800726523,,-0.05648644871866336,-0.025389549254042798,-0.0005976647224217313,
-0.028489867517331704,-0.25510618059079865,-0.10693457027310699,,-0.10595743227482031,-0.06880464415477461,-0.05530365298170714,
-0.003956234270413809,-0.0410821554405173,0.0,,-0.006651027205578708,-0.09457726774590436,0.0,
-0.048936505989768175,-0.2596731698361986,-0.1046415778581013,,-0.003303520414847999,-0.1673689961506165,-0.059077630934204595,
0.023505710247294975,0.10897802039274318,0.0,,0.027236303674792094,0.038079187653557445,0.0,
-0.04655340403700164,-0.2785781655024654,-0.04273157595778054,,-0.18457128063506412,-0.07553416905689903,-0.010398340544234275,
0.03188747097814239,0.11983311815827846,0.0,,0.026240867238852984,0.006736397508868008,0.0,
-0.023745972983993464,-0.14619032000333965,-0.26677381562094765,,-0.1201072226982061,-0.09332829939957532,-0.09360174423666634,
-0.034291835143500704,-0.26758082085807455,-0.004184202137205939,,-0.08702015344991051,-0.1100095778807938,-0.0029743681995483273,
-0.036380254711284074,-0.241564619440431,-0.12850320283064642,,-0.11973084417910418,-0.13454530921734742,-0.07275251161284757,
-0.007234490367540055,-0.1506470581843422,-0.04326329747759128,,-0.0004317550833234776,-0.10089025938548446,-0.018720412077699145,
-0.02916913641872282,-0.14438426619436195,-0.1509583540499564,,-0.14199961223376883,-0.12760086841039164,-0.07782106444062831,
-0.05334942534694946,-0.30966374446010414,-0.15014456008699734,,-0.2269132835630862,-0.18162415717420832,-0.07711844470390972,
-0.0065117825092542315,-0.09349140322709204,0.0,,-0.0024691434915489114,-0.147241945134568,0.0,
-0.0037262550929154188,-0.038489036952151,-0.28820516895161447,,-0.08531241590120467,0.015078832938565934,-0.09191967833436088,
-0.02069438827633151,-0.22842960119848787,-0.005371281905443337,,-0.017116606588552,-0.10668258940680986,-0.007530626890968062,
-0.018190599065980362,-0.2087191183154889,-0.12021311310007066,,-0.06861414683665958,-0.07115004151534388,-0.06650602142909079,
-0.0021548432421070176,-0.025913307093895277,-0.007520548480001721,,0.0003477697310419004,0.002852046319575585,-0.009494020814960646,
-0.028701364221165378,-0.22250400221627964,-0.015408006373092031,,-0.10364377071085507,-0.10745415792349566,-0.0009461804642362237,
-0.08390835243647413,-0.33704909115598586,-0.3036938897950528,,-0.050485762506617626,-0.13881749172786972,-0.10198901226100154,
-0.12023181172717497,-0.35157824232544976,-0.23025502600578507,,-0.038625684324048615,-0.15963451188147515,-0.09289884493435574,
-0.0068555496239128535,-0.13663833184920615,0.0,,0.004956138831841472,-0.16584845214303823,0.0,
-0.049286848857218166,-0.29655975700876536,-0.04774509654356662,,-0.19911935868642758,-0.04862873641204413,-0.001512690297894359,
-0.05217626641889263,-0.28253024858132914,-0.06194906506834719,,-0.2157202553934514,-0.09043903453960889,-0.018900856032311952,
-0.00027768039986146207,-0.007934193464635753,-0.009072227414165912,,0.0016607810588379116,0.0025036723487311674,-0.010609994841197512,
0.020511885124987857,0.05386646242308224,0.0,,0.03958144235591678,-0.024004285474604314,0.0,
-0.0047310646293118215,-0.14584360657347217,0.0,,-0.002654205404355744,-0.05880313679591331,0.0,
0.0024711329301607236,-0.08739135177525853,0.0,,0.011190015647446821,-0.0481431091614295,0.0,
-0.01979350881518267,-0.16572392186314966,-0.14105351532014954,,-0.026824479797654538,-0.10291844729050059,-0.06056002615201872,
-0.025181846803709836,-0.24527427111714972,-0.008353347581506854,,-0.05852294785852524,-0.08559407369376248,-0.0018033260846355148,
-0.016595704264282522,-0.17876565382393,-0.047262885418129286,,0.013461422239098094,-0.12996882604773463,-0.026241449182016763,
-0.04687696434860018,-0.24691186316992325,-0.12244983720608738,,-0.20023866827519946,-0.10322718984431445,-0.05882608946686241,
0.020753335221620796,0.06006103418710618,-0.2567706342831252,,0.012222139274573867,0.01000879629262541,-0.08350691604027072,
-0.08527234400604547,-0.3330995002975652,-0.18250064633901802,,-0.04572321839072363,-0.1420647369130702,-0.0860502280527149,
-0.045528045147866215,-0.2971144924582514,-0.1814156305056514,,-0.192485162525667,-0.1607311741655265,-0.08442782558063411,
-0.041402141737146306,-0.25258147760168714,-0.09570357128706752,,-0.1671869779069371,-0.1515217135494341,-0.06059780736147502,
0.00481570478647502,0.017953042913855577,-0.036275729512341814,,-0.0025930716156462195,0.03758527288479718,-0.022760969339104875,
0.029565659489438668,0.1190689761041488,0.0,,0.021050194360749834,0.02568585412773361,0.0,
-0.07425537119392754,-0.28955315568473805,-0.2962657769836578,,-0.011596768816982994,-0.15909080109280505,-0.0979436466068122,
-0.028822262722845285,-0.2048225877223981,-0.1739113051316834,,-0.08208381333625106,-0.1259710569282968,-0.08349415284174644,
0.014564119069375764,0.07717068872710753,0.0,,-0.02628827494576199,0.029934171082489636,0.0,
0.0020242353475361063,0.029922837073784736,-0.0339412792473891,,-0.07780989972978923,0.008575483018669727,-0.022167693406236477,
0.023678935159593302,0.07301492705304435,0.0,,0.03307015113441797,-0.013035965542036232,0.0,
-0.04329692705893366,-0.2985103551491153,-0.009580606412213921,,-0.1388506942037976,-0.09205085449390793,0.00043483762438334406,
-0.010560188891291244,-0.07084567592358038,0.0,,-0.03134679130797145,-0.08584170339964059,0.0,
-0.031309566423306595,-0.13043438444165628,-0.22771541513925114,,-0.147897256262821,-0.03806273205154642,-0.08423177651653535,
0.02571150470979467,0.09340285774448753,-0.13290775857868586,,0.025310093409415514,0.01022693726016033,-0.06760669590728507,
0.0017399280836417378,-0.03365392702756542,0.0,,0.008394918212823121,0.048017795063323154,0.0,
-0.010566076003259994,-0.12086668234735054,-0.005554575587314758,,-0.017384064005019642,-0.00586197893661633,-0.0036570128863500084,
-0.013387397026086519,-0.14270036608205755,-0.003918250281827018,,-0.02094141649609032,-0.007072555234457489,-0.0003814220841201754,
0.01164458102347887,-0.032084332310231445,0.0,,0.02587101682555617,-0.05176663309632312,0.0,
0.003316512077785774,-0.024846608397289582,0.0,,0.01069806691684469,0.04919925394571145,0.0,
