rung,fold,alpha,tau
R0_none,0,2.0,0.3
R0_none,1,2.0,0.3
R0_none,2,2.0,0.3
R0_none,3,2.0,0.5
R0_none,4,2.0,0.3
R1_+terrain,0,1.0,0.3
R1_+terrain,1,2.0,0.3
R1_+terrain,2,1.0,0.3
R1_+terrain,3,0.0,0.3
R1_+terrain,4,1.0,0.3
R2_+surface,0,1.0,0.3
R2_+surface,1,2.0,0.3
R2_+surface,2,1.0,0.7
R2_+surface,3,0.0,0.3
R2_+surface,4,1.0,0.7
R3_+hydrography,0,2.0,0.3
R3_+hydrography,1,2.0,0.3
R3_+hydrography,2,1.0,0.7
R3_+hydrography,3,0.0,0.3
R3_+hydrography,4,2.0,0.3
R4_+forcing,0,2.0,0.3
R4_+forcing,1,2.0,0.3
R4_+forcing,2,1.0,0.3
R4_+forcing,3,0.0,0.3
R4_+forcing,4,2.0,0.3
R5_+sar_event,0,2.0,0.3
R5_+sar_event,1,2.0,0.3
R5_+sar_event,2,0.5,0.3
R5_+sar_event,3,0.0,0.3
R5_+sar_event,4,2.0,0.3
