rung,metric,estimate,ci90_low,ci90_high,ci95_low,ci95_high,p_null,sesoi,verdict,null_centred,n_boot,within_sesoi,reading
R0_none,info_nats_fm,0.020623285336215644,0.012730937809776244,0.026096666369260103,0.012045267661618052,0.027300509353695827,0.06,,inconclusive,True,500,False,inconclusive
R0_none,info_frac_fm,0.05301729426932999,0.03418172130764173,0.10607453587652288,0.03056331927632876,0.11532738372640318,0.06,0.02,inconclusive,True,500,False,inconclusive
R0_none,dAP_stacked_fm,0.03601870610857463,0.014615728520553121,0.15181086923162934,0.00972432166191678,0.16019388828524064,0.15,0.01,inconclusive,True,500,False,inconclusive
R0_none,dAP_gated_fm,0.000264608748751365,0.000264608748751365,0.000264608748751365,0.000264608748751365,0.000264608748751365,0.69,0.01,saturated,True,500,True,equivalent to zero (within SESOI)
R1_+terrain,info_nats_fm,-0.010993985556479617,-0.059355793996186956,0.010902677370869154,-0.0676665157524855,0.015117518269972046,0.85,,inconclusive,True,500,False,inconclusive
R1_+terrain,info_frac_fm,-0.05067250611336405,-0.31355362227305383,0.051804136313309206,-0.36383935543250856,0.06700492158860079,0.85,0.02,inconclusive,True,500,False,inconclusive
R1_+terrain,dAP_stacked_fm,-0.07778113440457271,-0.13845595502698801,-0.0036360983605093654,-0.16036558503221895,0.0068233844532861075,0.93,0.01,inconclusive,True,500,False,inconclusive
R1_+terrain,dAP_gated_fm,0.008392227235794875,0.003939428259676371,0.01663262852385097,0.0027897559878180306,0.017757480176562975,0.31,0.01,inconclusive,True,500,False,inconclusive
R2_+surface,info_nats_fm,-0.003435854916672181,-0.04136594650916999,0.014726968262694054,-0.049541906631969036,0.01863530353455783,0.69,,inconclusive,True,500,False,inconclusive
R2_+surface,info_frac_fm,-0.01591208605668444,-0.22555947174768518,0.06286016569901719,-0.2710686352080542,0.08436829381408775,0.69,0.02,inconclusive,True,500,False,inconclusive
R2_+surface,dAP_stacked_fm,-0.09904790557896763,-0.14695817531049918,-0.0010453558441886365,-0.16640215739186262,0.02091391251609221,0.94,0.01,inconclusive,True,500,False,inconclusive
R2_+surface,dAP_gated_fm,0.014829458785286343,0.013818104468947802,0.030009818439282753,0.013390783751986692,0.036477229549522934,0.2,0.01,inconclusive,True,500,False,inconclusive
R3_+hydrography,info_nats_fm,0.027270995443742823,-0.032274110366918546,0.04157767159905068,-0.03976341770780545,0.04550318512780542,0.13,,inconclusive,True,500,False,inconclusive
R3_+hydrography,info_frac_fm,0.12191958543954393,-0.19158558686933347,0.17923640431764665,-0.2222392302337175,0.19589783408349926,0.13,0.02,inconclusive,True,500,False,inconclusive
R3_+hydrography,dAP_stacked_fm,-0.10971906383258465,-0.16042323584036483,-0.005848873380108051,-0.16860094042925916,0.022669995342775345,0.93,0.01,inconclusive,True,500,False,inconclusive
R3_+hydrography,dAP_gated_fm,-0.017114191569840904,-0.02131190956090126,0.008623425630804326,-0.023142408684018383,0.010325571747879797,0.93,0.01,inconclusive,True,500,False,inconclusive
R4_+forcing,info_nats_fm,0.05095679795819206,-0.010152733851299158,0.06129991632760798,-0.024789386138702296,0.06426041399259123,0.01,,inconclusive,True,500,False,inconclusive
R4_+forcing,info_frac_fm,0.20586145911521447,-0.0673208832036681,0.23836976659633352,-0.17275384637714988,0.25057915154729027,0.01,0.02,inconclusive,True,500,False,inconclusive
R4_+forcing,dAP_stacked_fm,-0.08414980640734004,-0.12660620932683148,0.006927154647738754,-0.13829232471864963,0.022496720864409136,0.93,0.01,inconclusive,True,500,False,inconclusive
R4_+forcing,dAP_gated_fm,0.0019295456577123424,-0.012172324984386676,0.021377496374600076,-0.014763222303749154,0.023878135084395995,0.58,0.01,inconclusive,True,500,False,inconclusive
R5_+sar_event,info_nats_fm,0.046309266346380336,-0.02837056878701641,0.05900418028836142,-0.0388100357700223,0.06304363086912344,0.01,,inconclusive,True,500,False,inconclusive
R5_+sar_event,info_frac_fm,0.18092205102752218,-0.152528159545086,0.23030229851569892,-0.2523794982889651,0.24716063807817085,0.01,0.02,inconclusive,True,500,False,inconclusive
R5_+sar_event,dAP_stacked_fm,-0.13431851841869177,-0.18187092244758787,-0.008672924168914499,-0.19353484538116883,0.009507380497962934,1.0,0.01,inconclusive,True,500,False,inconclusive
R5_+sar_event,dAP_gated_fm,-0.004236539950165324,-0.019740407861084493,0.012413664810586648,-0.02157277892614137,0.013872297867735436,0.74,0.01,inconclusive,True,500,False,inconclusive
