metric,role,x,centred,slope,slope_se,slope_ci_low,slope_ci_high,p_one_sided_slope_ge_0,spearman_rho_descriptive,n_rungs,n_boot
info_nats_fm_adj,primary,AP_recal_fm,True,0.007105110242040451,0.0052032234404828254,-0.0011375570188491572,0.018000257637480407,0.9321357285429142,0.8857142857142858,6,500
dAP_stacked_fm_adj,primary,AP_recal_fm,True,0.04446720666432224,0.022862271058056816,-0.005260728432599959,0.08559714386525372,0.9600798403193613,0.2571428571428572,6,500
dAP_early_fm_adj,primary,AP_recal_fm,True,0.058128618028398034,0.03164769045291414,-0.004628062076596147,0.11750117591179057,0.9620758483033932,0.7142857142857143,6,500
dAP_gated_fm_adj,primary,AP_recal_fm,True,-0.0014762426623002789,0.023105801111052607,-0.05545437846997198,0.03735700277849757,0.4171656686626746,-0.08571428571428573,6,500
info_nats,secondary,AP_recal,False,0.003007934173676259,0.0029820138506836498,-0.002349913060575373,0.009632364592052287,0.8423153692614771,0.2571428571428572,6,500
dAP_stacked,secondary,AP_recal,False,-0.002727300835805804,0.02307343611147287,-0.04170718366583217,0.04574954965730513,0.45708582834331335,0.08571428571428573,6,500
dAP_early,secondary,AP_recal,False,-0.01608546216000443,0.02565313185785809,-0.06546532200483762,0.03319354510461249,0.25349301397205587,-0.4285714285714286,6,500
dAP_gated,secondary,AP_recal,False,-0.05664362739075416,0.02393562496675707,-0.1029733227376152,-0.007673401514270279,0.017964071856287425,-0.6,6,500
dAPh_stacked,secondary,AP_recal,False,-0.0034024149190576723,0.03484098475648272,-0.06332119617113872,0.07566037179380125,0.4471057884231537,0.08571428571428573,6,500
info_nats_fm_adj,robust_excl_R0,AP_recal_fm,True,0.0017195179243219704,0.003526864113840494,-0.004508729971098789,0.008857124266257076,0.6986027944111777,0.7999999999999999,5,500
dAP_stacked_fm_adj,robust_excl_R0,AP_recal_fm,True,-0.017072856825163803,0.03191672650421748,-0.06877633511127564,0.05397847600254704,0.36127744510978044,-0.3,5,500
dAP_early_fm_adj,robust_excl_R0,AP_recal_fm,True,0.04025608316599908,0.041809198708815394,-0.039110287515447685,0.12208758991525222,0.8662674650698603,0.49999999999999994,5,500
dAP_gated_fm_adj,robust_excl_R0,AP_recal_fm,True,-0.00949118080254687,0.029975710485899185,-0.07511453934541822,0.04926405589171413,0.3413173652694611,-0.3,5,500
info_frac_fm_adj,headroom_normalised,AP_recal_fm,True,0.03490513499210302,0.02847858612048551,-0.010472617533937172,0.0945821257879959,0.8822355289421158,0.8857142857142858,6,500
dAPh_fm_adj,headroom_normalised,AP_recal_fm,True,0.05502355158730545,0.03104571289676844,-0.010235649690415788,0.11588665454446381,0.9481037924151696,0.3714285714285715,6,500
info_frac_fm_adj,headroom_normalised_excl_R0,AP_recal_fm,True,0.01216596943900757,0.021731318543349826,-0.025164465832323117,0.05523405964598428,0.6846307385229541,0.7999999999999999,5,500
dAPh_fm_adj,headroom_normalised_excl_R0,AP_recal_fm,True,-0.009942311923415572,0.03727990764770587,-0.0743958832153238,0.07145022203286848,0.469061876247505,-0.09999999999999999,5,500
