operator,AP,AUC,logloss,brier,R@1%,R@5%,R@10%,R@20%,AP_fold_mean,AP_fold_sd,n_folds,rung
physical,0.042562183153740454,0.4064536782577852,0.2035500835770784,0.04824594585619132,0.01749475157452764,0.1000699790062981,0.16421740144623279,0.19967343130394216,0.05964120846855121,0.02537798370356394,5,R0_none
recal_R,0.042628216687305875,0.4075569404868508,0.20157303941686924,0.048082595289666616,0.01749475157452764,0.1000699790062981,0.16421740144623279,0.19967343130394216,0.05964120846855121,0.02537798370356394,5,R0_none
stacked_RS,0.04075080804621888,0.4119236099522151,0.2034890568119488,0.048344188031740204,0.0027991602519244225,0.009563797527408444,0.07977606717984605,0.1404245393048752,0.05311988590980197,0.022598412222520722,5,R0_none
gated_RS,0.05756644645636182,0.5723013962610093,0.4494614524315405,0.10466144046702845,0.0027991602519244225,0.017261488220200606,0.06811289946349429,0.24142757172848145,0.06546476821714228,0.023561758736321804,5,R0_none
early_RS,0.05428467020250752,0.5182634176446785,0.2095869338728105,0.04906322821320503,0.017028224865873572,0.05155120130627478,0.10123629577793329,0.22929787730347562,0.0698962442111769,0.025548097584659188,5,R0_none
adr_legacy,0.04194874359175991,0.40615433614833746,,,0.01749475157452764,0.1000699790062981,0.16421740144623279,0.19967343130394216,0.05772824414381306,0.023322864246077612,5,R0_none
physical,0.10162258101876494,0.7331644646004646,0.18366510348620455,0.04658689276669312,0.02146022859808724,0.1112666200139958,0.23186377420107301,0.43363657569395847,0.12417632937097751,0.03819230558214211,5,R1_+surface
recal_R,0.09062880887287575,0.704548713472225,0.18611808624421278,0.046843182001763836,0.02146022859808724,0.1066013529274551,0.20317238161884768,0.36785630977373457,0.12417632937097751,0.03819230558214211,5,R1_+surface
stacked_RS,0.095521289710752,0.7139691008744311,0.18570810919317537,0.04687560594123625,0.016794961511546535,0.119197574061115,0.2232330300909727,0.39421506881268953,0.14142630571726636,0.06666097720065303,5,R1_+surface
gated_RS,0.10941040953798876,0.7325627287024601,0.2087315443484529,0.05434999735950582,0.01796127828318171,0.15651971075344062,0.26545369722416606,0.45253090739444835,0.13200523378994053,0.045145905753654854,5,R1_+surface
early_RS,0.10814842507872811,0.731996262755614,0.1881377203903892,0.04745730090326948,0.03172381618847679,0.12479589456496384,0.23372988103568929,0.4275717284814556,0.124811846785718,0.038480386649895566,5,R1_+surface
adr_legacy,0.08916855628387102,0.7150400523125164,,,0.015395381385584325,0.086074177746676,0.18801026358759038,0.37788663400979705,0.10841284091797013,0.03505953855991611,5,R1_+surface
physical,0.1954577481996894,0.8446036945815941,0.16424995620106503,0.04442924695150473,0.05458362491252624,0.23816188476790295,0.4163750874737579,0.6792628878003266,0.20238112896708405,0.008567294767636423,5,R2_+forcing
recal_R,0.19078877705271832,0.8358110871564179,0.16183314867544477,0.043491504614526964,0.05481688826685328,0.23139724749241894,0.4014462327968276,0.6736645672964777,0.20238112896708405,0.008567294767636423,5,R2_+forcing
stacked_RS,0.18868528388929895,0.8328843129411202,0.16273243117783576,0.04361030536822033,0.053883834849545134,0.23093072078376486,0.4002799160251924,0.66246792628878,0.19951256728118166,0.004405076639117786,5,R2_+forcing
gated_RS,0.18378612368392605,0.841702827112534,0.1711383582139059,0.046787840914833505,0.04758572428271519,0.23093072078376486,0.4026125495684628,0.6741310940051318,0.19743352765120378,0.009828715465027652,5,R2_+forcing
early_RS,0.19609444633493928,0.8501507032190458,0.1682516083780048,0.04630428734798445,0.05225099136925589,0.225099136925589,0.4061114998833683,0.7184511313272685,0.2026445879886066,0.014776579931066154,5,R2_+forcing
adr_legacy,0.1903296181760836,0.842496493532522,,,0.056449731747142524,0.2271985071145323,0.3977140191275951,0.6792628878003266,0.1973115645331158,0.01174266935813268,5,R2_+forcing
physical,0.27725981825099005,0.8839175441219889,0.15099756816153828,0.041710695953248826,0.08514112432936785,0.3165383718217868,0.5152787497084208,0.7695358059248892,0.2825688509853762,0.03130113749370423,5,R3_+terrain
recal_R,0.2684672155579465,0.8788584528591183,0.1487705634938176,0.04114367405041659,0.08234196407744343,0.3184044786564031,0.5138791695824586,0.7637042220667133,0.2825688509853762,0.03130113749370423,5,R3_+terrain
stacked_RS,0.2691753087163434,0.8783107205501546,0.14890539041669842,0.041110395835598654,0.07954280382551901,0.31677163517611384,0.5239094938185211,0.7609050618147889,0.28309502957566907,0.023953668939683356,5,R3_+terrain
gated_RS,0.27384618711657965,0.883890297296863,0.15352355976754378,0.04235078153733826,0.08560765103802193,0.317937951947749,0.5229764404012129,0.7667366456729647,0.2809591080812759,0.019868615671243817,5,R3_+terrain
early_RS,0.27996807489398645,0.8885455810125248,0.15062077055547837,0.041800194177023735,0.07837648705388384,0.31863774201073014,0.5302076043853511,0.7846979239561465,0.28558081146770753,0.02345541740857855,5,R3_+terrain
adr_legacy,0.2727002549391687,0.8838831068412083,,,0.08467459762071379,0.31863774201073014,0.5152787497084208,0.7695358059248892,0.27750773897655984,0.021832696243932116,5,R3_+terrain
physical,0.28800421701560186,0.8840658057086261,0.15129720691088316,0.04131879259481153,0.08887333799860042,0.3268019594121763,0.5360391882435269,0.7732680195941217,0.29315682264941473,0.028999737520641944,5,R4_+hydrography
recal_R,0.277717861844306,0.8777549188556933,0.14826598740996183,0.04086635688327202,0.08560765103802193,0.3289013296011197,0.5341730814089106,0.7623046419407511,0.29315682264941473,0.028999737520641944,5,R4_+hydrography
stacked_RS,0.27822575100017977,0.877408770840901,0.14827920814491138,0.04081285538685929,0.0828084907860975,0.3296011196641008,0.5414042453930488,0.7662701189643107,0.29591654276773033,0.02653301408193812,5,R4_+hydrography
gated_RS,0.2758718906155564,0.8823251256320345,0.154885505680452,0.04240548528450094,0.08467459762071379,0.3212036389083275,0.5262421273617914,0.768369489153254,0.2821280333732961,0.018823240550640084,5,R4_+hydrography
early_RS,0.29938448194379264,0.8879242455572699,0.1502823017511313,0.041045198353515444,0.09400513179379519,0.33543270352227667,0.5500349895031491,0.7842313972474925,0.30393827237204796,0.01688514558057517,5,R4_+hydrography
adr_legacy,0.2846751272301059,0.8840759350859426,,,0.08910660135292746,0.3286680662467926,0.5360391882435269,0.7732680195941217,0.29032240899265205,0.020432918104363484,5,R4_+hydrography
physical,0.4027351156069975,0.8959027254226641,0.14102961989766255,0.03793175408020067,0.14089106601352927,0.39538138558432473,0.5847912292978773,0.7898297177513413,0.4104634253508047,0.024949129890029356,5,R5_+sar_event
recal_R,0.3974282089543053,0.8896723835270505,0.13935881448346904,0.03784310692047259,0.1383251691159319,0.3970142290646139,0.582925122463261,0.7856309773734547,0.4104634253508047,0.024949129890029356,5,R5_+sar_event
stacked_RS,0.39701148775451506,0.8887852021521291,0.1394961124903657,0.03779864276550131,0.13785864240727783,0.3900163284348029,0.583158385817588,0.7886634009797061,0.4107640140964161,0.026065365449266763,5,R5_+sar_event
gated_RS,0.3993760957021282,0.8951423585897293,0.14190818030885488,0.038203982863477336,0.14112432936785632,0.3860508514112433,0.5808257522743177,0.7895964543970142,0.4082640696129062,0.02651014590639277,5,R5_+sar_event
early_RS,0.4053508601581406,0.8992528836126885,0.14018485072451592,0.03785457866166201,0.14135759272218335,0.39351527874970843,0.5899230230930721,0.8003265686960579,0.41009849598312,0.01931363355399124,5,R5_+sar_event
adr_legacy,0.367428172989129,0.895755172184091,,,0.12502915791929087,0.39864707254490317,0.5847912292978773,0.7898297177513413,0.3781993614654394,0.030048189241233463,5,R5_+sar_event
